Date,BTCUSDT Close,ETHUSDT Close,ADAUSDT Close,SOLUSDT Close,SHIBUSDT Close,DOGEUSDT Close
2021-01-01,29278.40000000,744.82000000,0.18292000,1.60290000,,0.00497810
2021-01-02,29351.95000000,730.39000000,0.17501000,1.86140000,,0.00663380
2021-01-03,32573.87000000,772.37000000,0.17446000,1.94620000,,0.01083230
2021-01-04,33505.16000000,1021.41000000,0.22316000,2.30940000,,0.01107600
2021-01-05,31200.00000000,1001.76000000,0.21297000,2.19270000,,0.00911220
2021-01-06,34117.59000000,1075.49000000,0.26540000,1.98930000,,0.01004130
2021-01-07,37454.48000000,1213.17000000,0.33827000,2.17550000,,0.01019420
2021-01-08,38347.10000000,1150.10000000,0.28236000,2.26190000,,0.00939100
2021-01-09,40211.59000000,1226.53000000,0.30778000,3.16380000,,0.01018980
2021-01-10,40316.64000000,1310.97000000,0.32621000,3.52650000,,0.01029310
2021-01-11,35438.23000000,1104.14000000,0.27740000,3.13760000,,0.00909310
2021-01-12,34984.96000000,1088.52000000,0.28654000,3.27080000,,0.00857100
2021-01-13,33818.50000000,1046.72000000,0.28371000,3.51280000,,0.00792750
2021-01-14,37045.13000000,1096.39000000,0.30444000,3.38440000,,0.00845500
2021-01-15,38700.00000000,1219.07000000,0.31759000,3.32780000,,0.00940800
2021-01-16,36532.92000000,1179.34000000,0.30858000,3.45300000,,0.00932110
2021-01-17,36177.00000000,1241.20000000,0.37574000,3.71270000,,0.00924540
2021-01-18,35106.25000000,1194.07000000,0.37203000,3.76070000,,0.00903490
2021-01-19,36465.30000000,1321.50000000,0.36349000,3.96100000,,0.00913740
2021-01-20,35062.49000000,1344.03000000,0.35554000,3.54470000,,0.00895810
2021-01-21,34571.09000000,1326.50000000,0.36911000,3.53000000,,0.00886060
2021-01-22,30943.40000000,1160.73000000,0.32363000,3.15870000,,0.00820630
2021-01-23,32365.01000000,1231.67000000,0.34989000,3.42260000,,0.00858320
2021-01-24,32480.05000000,1293.33000000,0.34850000,3.55550000,,0.00862990
2021-01-25,33568.18000000,1426.91000000,0.36001000,3.54690000,,0.00878950
2021-01-26,31518.66000000,1312.80000000,0.33726000,3.73280000,,0.00823840
2021-01-27,31800.86000000,1309.00000000,0.33207000,3.84380000,,0.00810150
2021-01-28,31404.25000000,1287.59000000,0.32549000,3.73190000,,0.00785300
2021-01-29,33733.58000000,1320.82000000,0.33837000,3.78750000,,0.08328730
2021-01-30,33273.36000000,1342.71000000,0.34089000,3.82860000,,0.03203300
2021-01-31,33930.21000000,1357.49000000,0.35981000,4.32400000,,0.02798290
2021-02-01,33573.97000000,1316.92000000,0.34577000,4.21860000,,0.03748320
2021-02-02,33550.32000000,1368.79000000,0.40843000,4.80680000,,0.03271130
2021-02-03,36403.47000000,1539.57000000,0.43451000,5.10360000,,0.03320820
2021-02-04,37498.78000000,1645.84000000,0.43123000,5.91100000,,0.03844770
2021-02-05,37366.02000000,1639.99000000,0.48300000,6.84510000,,0.04627580
2021-02-06,39384.74000000,1682.19000000,0.53176000,6.14570000,,0.04612800
2021-02-07,38841.46000000,1626.53000000,0.64252000,5.90170000,,0.05710700
2021-02-08,38076.06000000,1581.46000000,0.64341000,6.64590000,,0.06609920
2021-02-09,46599.51000000,1735.04000000,0.68395000,8.32800000,,0.08205140
2021-02-10,46221.07000000,1809.45000000,0.77363000,8.30960000,,0.07018050
2021-02-11,44582.07000000,1721.86000000,0.88301000,8.94890000,,0.07245000
2021-02-12,47587.31000000,1764.57000000,0.88859000,9.42420000,,0.06276920
2021-02-13,47829.22000000,1863.87000000,0.93479000,9.39410000,,0.06963010
2021-02-14,47267.21000000,1809.03000000,0.87239000,8.90880000,,0.06441630
2021-02-15,47120.30000000,1727.64000000,0.80493000,8.11480000,,0.05329230
2021-02-16,49624.03000000,1822.00000000,0.87982000,8.90370000,,0.05933290
2021-02-17,49657.38000000,1753.61000000,0.84459000,7.71250000,,0.05374370
2021-02-18,52032.64000000,1891.99000000,0.90837000,8.45990000,,0.05292320
2021-02-19,51245.00000000,1910.21000000,0.89730000,8.68180000,,0.05716860
2021-02-20,55706.07000000,2018.93000000,1.03422000,11.10030000,,0.05499860
2021-02-21,56505.22000000,1933.71000000,1.10501000,10.21160000,,0.05593310
2021-02-22,55860.12000000,1870.36000000,1.04575000,10.51360000,,0.05644500
2021-02-23,51906.36000000,1679.91000000,1.03373000,13.99300000,,0.05135800
2021-02-24,50874.99000000,1636.57000000,1.00462000,15.99860000,,0.05052200
2021-02-25,50206.97000000,1603.87000000,1.03456000,16.35000000,,0.05559980
2021-02-26,47330.24000000,1491.25000000,1.08109000,14.63000000,,0.05152100
2021-02-27,47423.08000000,1490.86000000,1.26544000,14.23480000,,0.05117440
2021-02-28,44629.17000000,1369.29000000,1.17107000,12.07000000,,0.04705570
2021-03-01,46336.37000000,1434.06000000,1.27322000,13.92870000,,0.04865630
2021-03-02,48974.75000000,1555.48000000,1.21651000,14.34060000,,0.05134650
2021-03-03,48704.75000000,1522.67000000,1.21828000,14.03880000,,0.05025300
2021-03-04,49574.89000000,1555.08000000,1.19549000,13.77260000,,0.04995510
2021-03-05,47289.81000000,1481.67000000,1.07561000,12.55910000,,0.04913090
2021-03-06,48657.72000000,1531.70000000,1.14157000,12.37160000,,0.04997250
2021-03-07,49551.44000000,1648.98000000,1.12775000,12.92700000,,0.05133390
2021-03-08,50598.49000000,1723.68000000,1.14326000,13.44250000,,0.05483140
2021-03-09,53840.62000000,1848.00000000,1.14111000,13.91970000,,0.05883200
2021-03-10,53467.80000000,1777.33000000,1.14496000,14.21700000,,0.05543650
2021-03-11,55992.60000000,1802.35000000,1.13210000,14.09160000,,0.05579820
2021-03-12,57104.17000000,1818.09000000,1.11499000,16.12190000,,0.05674800
2021-03-13,56694.32000000,1759.29000000,1.05009000,14.13730000,,0.05534300
2021-03-14,61356.31000000,1911.00000000,1.08749000,15.03260000,,0.06302580
2021-03-15,60379.99000000,1885.55000000,1.06141000,14.76630000,,0.05920350
2021-03-16,54272.86000000,1748.59000000,1.02222000,13.50150000,,0.05661400
2021-03-17,55506.23000000,1766.66000000,1.21050000,13.39030000,,0.05822280
2021-03-18,58712.33000000,1833.66000000,1.40562000,14.18470000,,0.05805970
2021-03-19,57779.84000000,1780.06000000,1.23594000,14.09990000,,0.05741800
2021-03-20,58367.74000000,1832.88000000,1.27208000,14.32510000,,0.05850890
2021-03-21,57790.00000000,1787.12000000,1.22350000,14.07530000,,0.05854470
2021-03-22,57563.63000000,1782.93000000,1.19226000,15.17000000,,0.05758030
2021-03-23,54684.83000000,1702.19000000,1.12932000,15.10000000,,0.05527720
2021-03-24,54350.54000000,1678.89000000,1.10801000,14.33170000,,0.05369290
2021-03-25,52122.86000000,1572.15000000,1.08951000,13.35000000,,0.05101070
2021-03-26,52407.19000000,1618.73000000,1.12249000,12.68900000,,0.05214900
2021-03-27,54760.97000000,1693.00000000,1.18076000,14.87830000,,0.05377820
2021-03-28,56052.05000000,1710.97000000,1.19403000,17.22260000,,0.05446610
2021-03-29,55371.60000000,1696.12000000,1.18529000,18.45290000,,0.05360640
2021-03-30,57181.33000000,1797.25000000,1.19343000,19.99900000,,0.05423170
2021-03-31,58608.63000000,1823.17000000,1.18661000,18.73940000,,0.05370380
2021-04-01,59119.02000000,1922.80000000,1.18779000,19.74600000,,0.05407270
2021-04-02,59869.79000000,1996.63000000,1.19151000,18.72400000,,0.06023260
2021-04-03,59221.53000000,2093.10000000,1.22176000,21.04100000,,0.05845890
2021-04-04,57492.42000000,2015.27000000,1.18100000,22.77230000,,0.05678130
2021-04-05,57467.12000000,2028.66000000,1.18363000,24.32630000,,0.05805300
2021-04-06,58608.70000000,2114.18000000,1.19950000,22.72680000,,0.05957470
2021-04-07,57922.75000000,2104.99000000,1.26827000,25.17430000,,0.06530430
2021-04-08,56540.62000000,1997.12000000,1.18975000,26.00140000,,0.06098980
2021-04-09,57985.71000000,2072.80000000,1.20534000,27.63720000,,0.06130390
2021-04-10,59229.50000000,2144.40000000,1.21174000,27.45690000,,0.06185070
2021-04-11,60268.58000000,2144.67000000,1.22330000,26.20440000,,0.06595250
2021-04-12,60368.96000000,2148.88000000,1.32612000,28.93800000,,0.07328000
2021-04-13,60493.43000000,2163.35000000,1.30995000,27.91540000,,0.07340070
2021-04-14,63749.19000000,2346.97000000,1.45890000,26.80340000,,0.11140340
2021-04-15,63056.61000000,2475.75000000,1.44316000,25.71450000,,0.12880160
2021-04-16,62937.91000000,2497.57000000,1.46415000,27.97530000,,0.26593520
2021-04-17,62372.27000000,2486.79000000,1.43600000,25.77180000,,0.31620060
2021-04-18,55014.46000000,2158.90000000,1.19781000,22.02090000,,0.27109430
2021-04-19,57030.90000000,2266.21000000,1.32083000,31.80230000,,0.34333340
2021-04-20,54764.12000000,2096.73000000,1.15774000,30.47870000,,0.38492090
2021-04-21,55204.60000000,2284.00000000,1.24115000,32.61120000,,0.31384340
2021-04-22,53497.09000000,2390.48000000,1.19195000,35.87590000,,0.27356810
2021-04-23,50298.76000000,2282.74000000,1.09456000,36.50640000,,0.21585820
2021-04-24,50109.93000000,2296.81000000,1.14479000,35.85340000,,0.24298280
2021-04-25,49615.54000000,2187.18000000,1.09212000,40.99430000,,0.27457700
2021-04-26,52398.99000000,2455.16000000,1.18200000,47.18900000,,0.26481000
2021-04-27,53460.30000000,2493.16000000,1.24290000,45.06500000,,0.26622000
2021-04-28,54774.05000000,2627.29000000,1.30160000,43.15900000,,0.26670000
2021-04-29,54265.10000000,2694.15000000,1.32020000,43.21400000,,0.32252000
2021-04-30,53679.03000000,2743.41000000,1.31380000,42.25500000,,0.31109000
2021-05-01,58178.67000000,2839.01000000,1.36600000,43.03300000,,0.34962000
2021-05-02,56450.19000000,2901.51000000,1.30840000,47.47200000,,0.37396000
2021-05-03,57925.80000000,3054.33000000,1.34500000,47.63900000,,0.38065000
2021-05-04,55452.17000000,3232.25000000,1.29900000,45.02000000,,0.41971000
2021-05-05,54795.19000000,3296.34000000,1.32410000,43.86500000,,0.63056000
2021-05-06,56797.09000000,3469.18000000,1.48970000,44.19400000,,0.63313000
2021-05-07,55705.67000000,3424.01000000,1.57640000,41.98500000,,0.57323000
2021-05-08,58099.98000000,3532.10000000,1.62820000,43.51400000,,0.71169000
2021-05-09,58632.78000000,3870.09000000,1.59430000,44.56900000,,0.54160000
2021-05-10,59356.76000000,4054.58000000,1.75600000,45.02500000,0.00002971,0.52846000
2021-05-11,55142.46000000,3855.52000000,1.62000000,40.40000000,0.00003547,0.47082000
2021-05-12,57756.94000000,4332.81000000,1.81300000,44.46900000,0.00002780,0.49187000
2021-05-13,50461.99000000,3941.08000000,1.63650000,42.61400000,0.00002124,0.43946000
2021-05-14,49157.93000000,3790.81000000,1.86200000,40.80600000,0.00002035,0.49773000
2021-05-15,49627.01000000,4025.63000000,2.14630000,42.14800000,0.00001726,0.52414000
2021-05-16,48383.46000000,3826.23000000,2.28060000,47.61400000,0.00001598,0.53391000
2021-05-17,42915.46000000,3240.13000000,2.07050000,44.02900000,0.00001579,0.47174000
2021-05-18,44779.83000000,3384.57000000,2.06180000,47.74300000,0.00001649,0.49177000
2021-05-19,40591.15000000,3097.23000000,1.82890000,51.97400000,0.00001404,0.43238000
2021-05-20,38341.04000000,2472.46000000,1.56040000,36.45100000,0.00000939,0.34141000
2021-05-21,40666.91000000,2790.86000000,1.75400000,45.44600000,0.00000992,0.39782000
2021-05-22,36951.85000000,2329.99000000,1.50790000,37.68000000,0.00000741,0.33940000
2021-05-23,37421.59000000,2317.80000000,1.48230000,30.24700000,0.00000893,0.34548000
2021-05-24,35251.37000000,2141.29000000,1.36930000,26.62500000,0.00000796,0.30549000
2021-05-25,38304.51000000,2582.48000000,1.53970000,29.19200000,0.00001002,0.34374000
2021-05-26,39503.98000000,2840.45000000,1.67730000,32.48700000,0.00000971,0.35436000
2021-05-27,37621.56000000,2679.26000000,1.65330000,31.85200000,0.00000873,0.33402000
2021-05-28,38237.18000000,2716.07000000,1.67310000,33.82400000,0.00000871,0.33778000
2021-05-29,36458.77000000,2525.29000000,1.55040000,29.45100000,0.00000812,0.31621000
2021-05-30,34770.12000000,2296.12000000,1.48200000,26.76400000,0.00000786,0.29717000
2021-05-31,34489.57000000,2300.77000000,1.55080000,28.05900000,0.00000777,0.29707000
2021-06-01,36704.99000000,2630.79000000,1.71170000,32.20700000,0.00000910,0.32824000
2021-06-02,36472.39000000,2615.40000000,1.75960000,31.03800000,0.00000891,0.37769000
2021-06-03,37634.57000000,2725.80000000,1.76260000,35.52900000,0.00000965,0.42525000
2021-06-04,37933.72000000,2753.27000000,1.76210000,38.84000000,0.00000924,0.39711000
2021-06-05,37410.00000000,2762.33000000,1.74620000,41.45000000,0.00000886,0.38010000
2021-06-06,35989.67000000,2674.19000000,1.67630000,39.68500000,0.00000848,0.37295000
2021-06-07,36392.93000000,2767.38000000,1.72590000,42.59600000,0.00000860,0.37560000
2021-06-08,32817.09000000,2490.96000000,1.52540000,37.51900000,0.00000735,0.32514000
2021-06-09,32863.07000000,2454.86000000,1.50770000,40.57700000,0.00000711,0.31823000
2021-06-10,36959.69000000,2563.15000000,1.59520000,40.72400000,0.00000726,0.33865000
2021-06-11,36754.40000000,2465.10000000,1.53030000,40.17100000,0.00000680,0.32481000
2021-06-12,35571.19000000,2300.18000000,1.39060000,35.43100000,0.00000574,0.30602000
2021-06-13,34867.80000000,2333.41000000,1.45110000,35.75300000,0.00000614,0.30841000
2021-06-14,38975.14000000,2478.34000000,1.53780000,37.87100000,0.00000672,0.32119000
2021-06-15,40404.86000000,2586.82000000,1.57280000,40.54500000,0.00000707,0.32656000
2021-06-16,40013.63000000,2521.89000000,1.54520000,39.04100000,0.00000875,0.31594000
2021-06-17,38865.05000000,2434.38000000,1.52990000,40.29100000,0.00000831,0.31367000
2021-06-18,37926.79000000,2342.16000000,1.47490000,39.17200000,0.00000767,0.30493000
2021-06-19,35103.44000000,2188.46000000,1.40190000,35.68000000,0.00000733,0.28795000
2021-06-20,35527.24000000,2183.38000000,1.39400000,34.97200000,0.00000762,0.28316000
2021-06-21,34649.63000000,2157.07000000,1.36430000,32.77000000,0.00000749,0.26504000
2021-06-22,33018.22000000,1976.18000000,1.25240000,27.93800000,0.00000687,0.20897000
2021-06-23,33966.43000000,2012.22000000,1.24320000,29.97400000,0.00000669,0.20898000
2021-06-24,32589.20000000,1905.01000000,1.29110000,28.98200000,0.00000673,0.22901000
2021-06-25,35052.07000000,1995.45000000,1.37870000,32.67900000,0.00000732,0.28528000
2021-06-26,31977.59000000,1819.34000000,1.26050000,29.20300000,0.00000728,0.24463000
2021-06-27,33146.91000000,1882.48000000,1.29490000,30.65000000,0.00000744,0.25162000
2021-06-28,34398.36000000,1967.62000000,1.31630000,31.44000000,0.00000778,0.25561000
2021-06-29,34577.16000000,2104.00000000,1.33050000,33.13300000,0.00000825,0.25502000
2021-06-30,35119.99000000,2126.58000000,1.33950000,32.24000000,0.00000896,0.25534000
2021-07-01,34120.01000000,2184.79000000,1.33770000,33.79400000,0.00000835,0.24306000
2021-07-02,32907.22000000,2041.20000000,1.30060000,32.19700000,0.00000811,0.24129000
2021-07-03,33524.47000000,2131.16000000,1.36950000,33.51700000,0.00000833,0.24317000
2021-07-04,34641.61000000,2209.73000000,1.40210000,33.81700000,0.00000860,0.24482000
2021-07-05,34350.89000000,2264.20000000,1.42320000,33.63000000,0.00000853,0.24188000
2021-07-06,33920.69000000,2238.17000000,1.42230000,33.34500000,0.00000860,0.23500000
2021-07-07,34446.50000000,2339.47000000,1.42880000,34.79900000,0.00000880,0.23499000
2021-07-08,33305.65000000,2253.36000000,1.38510000,36.61000000,0.00000828,0.21944000
2021-07-09,32941.81000000,2121.42000000,1.31970000,33.41200000,0.00000790,0.20386000
2021-07-10,33800.03000000,2133.98000000,1.34170000,33.28400000,0.00000797,0.21916000
2021-07-11,33448.97000000,2091.10000000,1.32790000,31.68600000,0.00000763,0.21187000
2021-07-12,34447.92000000,2163.80000000,1.36040000,32.53500000,0.00000796,0.21680000
2021-07-13,33071.14000000,2030.01000000,1.30760000,30.80000000,0.00000751,0.20578000
2021-07-14,31830.01000000,1884.33000000,1.21670000,28.15900000,0.00000679,0.18964000
2021-07-15,32641.65000000,1979.28000000,1.24380000,30.58200000,0.00000711,0.19522000
2021-07-16,31914.89000000,1949.04000000,1.23600000,29.16400000,0.00000699,0.18658000
2021-07-17,31306.56000000,1867.00000000,1.15980000,26.23200000,0.00000660,0.17080000
2021-07-18,32166.00000000,1981.77000000,1.21150000,27.49700000,0.00000686,0.19013000
2021-07-19,31541.57000000,1885.59000000,1.17130000,25.95600000,0.00000646,0.17882000
2021-07-20,29600.46000000,1728.59000000,1.05410000,22.86000000,0.00000587,0.16440000
2021-07-21,29845.10000000,1801.87000000,1.07220000,24.06400000,0.00000590,0.17525000
2021-07-22,31929.64000000,1976.59000000,1.16080000,26.30000000,0.00000643,0.19012000
2021-07-23,32594.46000000,2059.91000000,1.19560000,28.28100000,0.00000652,0.19218000
2021-07-24,33669.98000000,2138.61000000,1.21460000,28.70000000,0.00000646,0.19436000
2021-07-25,34160.85000000,2151.96000000,1.21570000,27.90200000,0.00000636,0.19321000
2021-07-26,38283.98000000,2317.03000000,1.32660000,30.10800000,0.00000685,0.22438000
2021-07-27,36823.80000000,2172.81000000,1.22940000,27.59500000,0.00000616,0.19869000
2021-07-28,39817.56000000,2288.26000000,1.27430000,27.97000000,0.00000626,0.20581000
2021-07-29,39609.78000000,2277.71000000,1.26420000,27.61200000,0.00000612,0.20307000
2021-07-30,39969.99000000,2422.21000000,1.31250000,32.75100000,0.00000637,0.20802000
2021-07-31,41810.01000000,2463.18000000,1.31340000,32.60700000,0.00000623,0.20870000
2021-08-01,42435.13000000,2616.50000000,1.37940000,36.09000000,0.00000649,0.21663000
2021-08-02,39785.59000000,2560.00000000,1.32040000,34.81200000,0.00000627,0.20467000
2021-08-03,38655.74000000,2533.69000000,1.28440000,33.21900000,0.00000629,0.20034000
2021-08-04,37976.81000000,2484.82000000,1.34090000,33.73800000,0.00000617,0.19550000
2021-08-05,39435.09000000,2712.01000000,1.37770000,37.23200000,0.00000622,0.20030000
2021-08-06,40219.47000000,2760.87000000,1.36810000,35.91600000,0.00000615,0.19945000
2021-08-07,43691.86000000,2935.12000000,1.44680000,40.06500000,0.00000670,0.21500000
2021-08-08,44322.42000000,3119.92000000,1.46160000,38.71100000,0.00000822,0.26399000
2021-08-09,43496.09000000,2948.31000000,1.41980000,37.28800000,0.00000739,0.24098000
2021-08-10,45708.76000000,3115.39000000,1.46030000,39.80200000,0.00000755,0.25152000
2021-08-11,45585.66000000,3159.11000000,1.71120000,41.75800000,0.00000769,0.26210000
2021-08-12,45927.00000000,3211.95000000,1.83390000,42.98500000,0.00000811,0.28668000
2021-08-13,44847.26000000,3088.22000000,1.87100000,42.25300000,0.00000777,0.26774000
2021-08-14,47540.00000000,3295.49000000,2.12080000,44.09600000,0.00000809,0.28889000
2021-08-15,46874.81000000,3247.62000000,2.15250000,44.57300000,0.00000809,0.30012000
2021-08-16,47357.62000000,3260.94000000,2.11190000,58.60500000,0.00000837,0.33225000
2021-08-17,46417.00000000,3194.69000000,2.12350000,71.83600000,0.00000924,0.32810000
2021-08-18,45055.78000000,3049.87000000,1.97890000,65.79200000,0.00000812,0.29860000
2021-08-19,44046.97000000,2966.99000000,2.08090000,69.66600000,0.00000788,0.29715000
2021-08-20,47054.74000000,3217.83000000,2.39790000,72.38800000,0.00000840,0.31630000
2021-08-21,48828.17000000,3276.44000000,2.49070000,79.65700000,0.00000843,0.32572000
2021-08-22,48790.00000000,3226.01000000,2.49650000,74.30700000,0.00000814,0.31461000
2021-08-23,50260.00000000,3340.22000000,2.80690000,75.39100000,0.00000827,0.32113000
2021-08-24,49331.16000000,3324.33000000,2.84530000,78.24400000,0.00000812,0.31250000
2021-08-25,47975.93000000,3175.00000000,2.72620000,70.66300000,0.00000757,0.28944000
2021-08-26,47911.79000000,3148.84000000,2.63940000,70.74300000,0.00000730,0.28186000
2021-08-27,46822.23000000,3094.26000000,2.53500000,81.40000000,0.00000691,0.26910000
2021-08-28,48852.99000000,3244.46000000,2.84600000,86.30000000,0.00000736,0.29060000
2021-08-29,48227.31000000,3180.28000000,2.74700000,93.95000000,0.00000710,0.28010000
2021-08-30,47964.04000000,3161.64000000,2.80000000,97.63000000,0.00000702,0.28050000
2021-08-31,47150.68000000,3237.78000000,2.79100000,115.19000000,0.00000679,0.27490000
2021-09-01,47043.65000000,3442.15000000,2.76200000,111.24000000,0.00000675,0.27620000
2021-09-02,49561.24000000,3763.31000000,3.03100000,113.70000000,0.00000726,0.30110000
2021-09-03,49476.83000000,3806.83000000,2.97700000,135.35000000,0.00000706,0.29600000
2021-09-04,50277.43000000,3917.76000000,2.96200000,148.34000000,0.00000716,0.29540000
2021-09-05,49663.21000000,3845.00000000,2.85700000,140.63000000,0.00000734,0.29790000
2021-09-06,51595.29000000,3904.98000000,2.87600000,140.74000000,0.00000748,0.31030000
2021-09-07,52654.16000000,3913.67000000,2.82800000,173.45000000,0.00000714,0.30450000
2021-09-08,46450.41000000,3430.32000000,2.45700000,173.03000000,0.00000595,0.25480000
2021-09-09,46001.11000000,3469.88000000,2.42500000,211.25000000,0.00000710,0.25250000
2021-09-10,46719.71000000,3465.02000000,2.55800000,194.18000000,0.00000737,0.25640000
2021-09-11,45191.88000000,3241.63000000,2.39500000,181.48000000,0.00000681,0.24050000
2021-09-12,45316.28000000,3327.54000000,2.59200000,179.04000000,0.00000680,0.24200000
2021-09-13,44617.79000000,3257.70000000,2.41300000,154.95000000,0.00000666,0.23880000
2021-09-14,45186.85000000,3291.33000000,2.39800000,167.43000000,0.00000648,0.23620000
2021-09-15,47075.48000000,3396.19000000,2.38300000,157.27000000,0.00000663,0.24050000
2021-09-16,47615.08000000,3542.91000000,2.44100000,155.16000000,0.00000667,0.24220000
2021-09-17,47899.83000000,3563.03000000,2.42000000,148.64000000,0.00000913,0.25140000
2021-09-18,47924.57000000,3451.42000000,2.37300000,144.83000000,0.00000829,0.24250000
2021-09-19,47844.88000000,3413.47000000,2.35000000,164.33000000,0.00000776,0.23920000
2021-09-20,45542.76000000,3187.09000000,2.16500000,145.12000000,0.00000757,0.22190000
2021-09-21,42683.01000000,2998.78000000,2.09700000,136.43000000,0.00000702,0.20870000
2021-09-22,42052.09000000,2867.12000000,2.04800000,128.95000000,0.00000700,0.20260000
2021-09-23,44074.57000000,3118.50000000,2.28800000,148.58000000,0.00000724,0.22490000
2021-09-24,44283.03000000,3074.93000000,2.28100000,144.86000000,0.00000755,0.22240000
2021-09-25,42608.11000000,2912.15000000,2.36000000,138.59000000,0.00000742,0.21090000
2021-09-26,42212.40000000,2866.52000000,2.25800000,131.03000000,0.00000713,0.20540000
2021-09-27,44038.75000000,3131.91000000,2.23900000,139.24000000,0.00000716,0.20710000
2021-09-28,42558.40000000,2948.97000000,2.15300000,138.12000000,0.00000703,0.20150000
2021-09-29,42199.99000000,2895.95000000,2.07700000,138.81000000,0.00000712,0.19970000
2021-09-30,43591.23000000,3027.46000000,2.11900000,139.91000000,0.00000713,0.20340000
2021-10-01,43635.79000000,3002.98000000,2.10000000,139.52000000,0.00000725,0.20260000
2021-10-02,47520.84000000,3267.31000000,2.20400000,156.69000000,0.00000744,0.21680000
2021-10-03,47898.66000000,3404.97000000,2.26400000,170.62000000,0.00000806,0.21910000
2021-10-04,47468.79000000,3335.31000000,2.17200000,167.13000000,0.00000825,0.21600000
2021-10-05,49306.68000000,3387.96000000,2.21800000,166.90000000,0.00001379,0.24240000
2021-10-06,51513.81000000,3486.63000000,2.21000000,157.96000000,0.00002055,0.25370000
2021-10-07,54810.94000000,3519.54000000,2.16300000,152.03000000,0.00003042,0.23990000
2021-10-08,53815.22000000,3574.31000000,2.26800000,154.44000000,0.00002186,0.24380000
2021-10-09,54560.58000000,3579.48000000,2.24900000,160.02000000,0.00002804,0.24570000
2021-10-10,55049.15000000,3530.53000000,2.25800000,155.41000000,0.00002642,0.24520000
2021-10-11,56507.09000000,3518.15000000,2.22600000,151.47000000,0.00002669,0.23580000
2021-10-12,56711.35000000,3486.21000000,2.10300000,143.20000000,0.00003113,0.22400000
2021-10-13,56277.78000000,3501.88000000,2.13300000,149.28000000,0.00003001,0.22920000
2021-10-14,58065.99000000,3643.00000000,2.17400000,149.65000000,0.00002966,0.23610000
2021-10-15,59431.71000000,3820.92000000,2.17500000,150.85000000,0.00002665,0.23340000
2021-10-16,61655.99000000,3842.95000000,2.21300000,158.79000000,0.00002499,0.23680000
2021-10-17,61115.85000000,3878.16000000,2.17900000,162.96000000,0.00002585,0.23690000
2021-10-18,62123.87000000,3852.77000000,2.14300000,159.92000000,0.00002881,0.23790000
2021-10-19,62588.86000000,3823.01000000,2.15400000,158.50000000,0.00002834,0.25420000
2021-10-20,63844.67000000,3844.24000000,2.09300000,155.77000000,0.00002771,0.24280000
2021-10-21,65069.02000000,4185.82000000,2.22600000,184.22000000,0.00002872,0.25290000
2021-10-22,63237.90000000,4155.99000000,2.18400000,201.71000000,0.00002757,0.24550000
2021-10-23,61236.52000000,4023.90000000,2.15800000,202.84000000,0.00002795,0.24630000
2021-10-24,61227.76000000,4132.89000000,2.15600000,196.56000000,0.00003556,0.25040000
2021-10-25,62084.26000000,4134.69000000,2.13600000,201.68000000,0.00003950,0.26850000
2021-10-26,62758.02000000,4224.89000000,2.17900000,208.63000000,0.00004154,0.26470000
2021-10-27,60714.34000000,4209.72000000,2.14400000,202.83000000,0.00005039,0.25890000
2021-10-28,58839.80000000,3995.64000000,1.93300000,186.84000000,0.00008665,0.23580000
2021-10-29,61642.99000000,4379.83000000,2.02000000,201.60000000,0.00006209,0.29370000
2021-10-30,61679.95000000,4342.72000000,1.99100000,197.04000000,0.00007643,0.28550000
2021-10-31,61697.84000000,4370.49000000,1.99100000,191.91000000,0.00006563,0.26780000
2021-11-01,59922.98000000,4190.66000000,1.92600000,200.89000000,0.00007286,0.26620000
2021-11-02,61074.50000000,4318.83000000,1.94700000,203.92000000,0.00006991,0.27040000
2021-11-03,63210.41000000,4588.75000000,1.95900000,229.60000000,0.00006637,0.27160000
2021-11-04,62420.00000000,4556.41000000,2.04100000,238.10000000,0.00005906,0.26920000
2021-11-05,62203.80000000,4542.40000000,2.00100000,242.93000000,0.00004699,0.26170000
2021-11-06,61109.52000000,4491.01000000,2.02300000,239.79000000,0.00006103,0.26360000
2021-11-07,62133.04000000,4549.99000000,1.99000000,254.18000000,0.00005756,0.26240000
2021-11-08,65199.99000000,4720.51000000,2.03700000,248.29000000,0.00005472,0.26920000
2021-11-09,68490.00000000,4814.00000000,2.14400000,246.72000000,0.00005612,0.28360000
2021-11-10,66487.23000000,4691.48000000,2.20600000,236.60000000,0.00005427,0.27040000
2021-11-11,64746.18000000,4636.68000000,2.10400000,239.04000000,0.00005167,0.26110000
2021-11-12,64826.63000000,4774.35000000,2.08000000,232.24000000,0.00005360,0.26530000
2021-11-13,63773.94000000,4639.50000000,2.04500000,225.54000000,0.00005154,0.25640000
2021-11-14,64637.81000000,4628.63000000,2.05000000,237.20000000,0.00005372,0.26130000
2021-11-15,65712.65000000,4702.07000000,2.05000000,243.72000000,0.00005256,0.26230000
2021-11-16,60907.41000000,4309.58000000,1.92900000,226.70000000,0.00004981,0.24660000
2021-11-17,59039.99000000,4122.11000000,1.82600000,212.49000000,0.00004743,0.23220000
2021-11-18,59840.01000000,4279.50000000,1.88100000,216.74000000,0.00004803,0.23720000
2021-11-19,55900.00000000,4010.67000000,1.77100000,192.00000000,0.00004246,0.21800000
2021-11-20,58513.10000000,4280.55000000,1.86900000,214.94000000,0.00004802,0.23270000
2021-11-21,58674.67000000,4343.29000000,1.87800000,211.66000000,0.00004580,0.22870000
2021-11-22,57383.39000000,4164.99000000,1.79400000,220.45000000,0.00004373,0.22200000
2021-11-23,56947.82000000,4178.58000000,1.80400000,220.95000000,0.00004413,0.22220000
2021-11-24,56399.99000000,4246.71000000,1.67400000,217.13000000,0.00004059,0.22250000
2021-11-25,57749.99000000,4317.20000000,1.69400000,210.95000000,0.00004202,0.21910000
2021-11-26,57900.91000000,4426.63000000,1.64400000,205.50000000,0.00004054,0.21770000
2021-11-27,54347.07000000,4115.01000000,1.55700000,195.39000000,0.00004016,0.20460000
2021-11-28,54137.31000000,4026.03000000,1.49500000,187.13000000,0.00003757,0.19940000
2021-11-29,57359.02000000,4306.75000000,1.59000000,200.85000000,0.00003897,0.20510000
2021-11-30,57092.92000000,4435.24000000,1.58000000,203.72000000,0.00004848,0.22170000
2021-12-01,57362.01000000,4759.37000000,1.58500000,214.93000000,0.00004666,0.21610000
2021-12-02,56300.12000000,4490.98000000,1.53500000,224.24000000,0.00004190,0.20390000
2021-12-03,56323.01000000,4493.15000000,1.67800000,229.97000000,0.00004115,0.20720000
2021-12-04,52000.00000000,4058.12000000,1.47800000,196.09000000,0.00003836,0.18980000
2021-12-05,49170.79000000,4162.80000000,1.40100000,196.50000000,0.00003677,0.17810000
2021-12-06,49018.47000000,4168.09000000,1.36100000,193.31000000,0.00003565,0.17080000
2021-12-07,50945.03000000,4341.57000000,1.44400000,195.35000000,0.00003754,0.17940000
2021-12-08,50110.91000000,4293.57000000,1.35200000,186.62000000,0.00003642,0.17670000
2021-12-09,49513.35000000,4359.41000000,1.36800000,189.25000000,0.00003632,0.17680000
2021-12-10,48373.48000000,4140.86000000,1.30200000,179.82000000,0.00003509,0.17100000
2021-12-11,48296.99000000,4008.53000000,1.23700000,170.18000000,0.00003388,0.16480000
2021-12-12,49305.70000000,4042.76000000,1.39100000,169.80000000,0.00003425,0.16800000
2021-12-13,48873.19000000,3996.32000000,1.30800000,167.40000000,0.00003545,0.16490000
2021-12-14,46952.00000000,3775.14000000,1.21800000,153.77000000,0.00003318,0.15750000
2021-12-15,48262.41000000,3847.45000000,1.25400000,160.50000000,0.00003375,0.18360000
2021-12-16,48819.60000000,4018.08000000,1.29700000,178.77000000,0.00003421,0.18080000
2021-12-17,47766.07000000,3968.03000000,1.25100000,179.25000000,0.00003301,0.17510000
2021-12-18,46283.05000000,3877.23000000,1.22300000,174.15000000,0.00003136,0.16960000
2021-12-19,47712.38000000,3988.58000000,1.29800000,184.49000000,0.00003175,0.17270000
2021-12-20,46687.22000000,3906.62000000,1.23500000,178.38000000,0.00003033,0.16990000
2021-12-21,47928.47000000,4007.46000000,1.25500000,175.49000000,0.00003200,0.16980000
2021-12-22,49249.00000000,4048.60000000,1.29900000,179.61000000,0.00003364,0.17230000
2021-12-23,48524.11000000,3960.59000000,1.34000000,180.87000000,0.00003509,0.17450000
2021-12-24,51029.99000000,4092.03000000,1.45900000,187.69000000,0.00003916,0.18290000
2021-12-25,50844.14000000,4038.69000000,1.40100000,191.65000000,0.00003686,0.18720000
2021-12-26,49675.56000000,4013.21000000,1.41100000,190.90000000,0.00003684,0.18580000
2021-12-27,51009.02000000,4080.09000000,1.46100000,201.02000000,0.00003846,0.19070000
2021-12-28,49828.06000000,3960.70000000,1.48600000,190.29000000,0.00003682,0.18140000
2021-12-29,48001.01000000,3816.15000000,1.42000000,179.63000000,0.00003602,0.17670000
2021-12-30,46504.00000000,3649.41000000,1.30600000,170.21000000,0.00003332,0.16880000
2021-12-31,47201.85000000,3742.78000000,1.34400000,171.59000000,0.00003394,0.17150000
2022-01-01,46813.20000000,3723.96000000,1.32500000,172.94000000,0.00003363,0.17140000
2022-01-02,47329.47000000,3758.55000000,1.35600000,177.65000000,0.00003382,0.17270000
2022-01-03,46793.26000000,3785.00000000,1.35000000,172.80000000,0.00003354,0.17190000
2022-01-04,46313.97000000,3744.23000000,1.31400000,167.84000000,0.00003277,0.16980000
2022-01-05,46422.55000000,3809.45000000,1.33200000,169.15000000,0.00003264,0.16980000
2022-01-06,42835.00000000,3448.83000000,1.20400000,148.12000000,0.00002927,0.15490000
2022-01-07,41803.11000000,3238.74000000,1.20700000,139.63000000,0.00002921,0.15290000
2022-01-08,41810.91000000,3203.50000000,1.22400000,139.36000000,0.00002954,0.15650000
2022-01-09,41833.89000000,3120.57000000,1.17600000,141.93000000,0.00002804,0.15150000
2022-01-10,41967.59000000,3155.04000000,1.16100000,140.62000000,0.00002841,0.15110000
2022-01-11,42277.98000000,3120.20000000,1.16200000,137.28000000,0.00002713,0.14550000
2022-01-12,42605.02000000,3234.52000000,1.21900000,140.07000000,0.00002772,0.15320000
2022-01-13,43509.93000000,3338.04000000,1.29500000,148.65000000,0.00003183,0.16660000
2022-01-14,42623.87000000,3266.43000000,1.24600000,147.52000000,0.00002997,0.17580000
2022-01-15,42927.96000000,3307.49000000,1.26900000,145.98000000,0.00003089,0.19070000
2022-01-16,42977.22000000,3313.61000000,1.33500000,146.83000000,0.00003040,0.18020000
2022-01-17,42647.40000000,3258.22000000,1.45500000,142.95000000,0.00002932,0.16970000
2022-01-18,42040.54000000,3182.33000000,1.57700000,139.21000000,0.00002884,0.16860000
2022-01-19,41706.41000000,3099.38000000,1.45200000,138.00000000,0.00002781,0.16610000
2022-01-20,41924.97000000,3125.14000000,1.35100000,137.03000000,0.00002769,0.16510000
2022-01-21,38465.65000000,2837.22000000,1.20700000,124.21000000,0.00002547,0.14980000
2022-01-22,36341.64000000,2567.26000000,1.13600000,109.67000000,0.00002215,0.14240000
2022-01-23,35051.00000000,2416.68000000,1.06700000,94.37000000,0.00002183,0.13670000
2022-01-24,35338.26000000,2459.69000000,1.07300000,92.10000000,0.00002229,0.13930000
2022-01-25,36424.49000000,2415.76000000,1.04800000,90.07000000,0.00002089,0.13650000
2022-01-26,37389.76000000,2476.26000000,1.04800000,94.73000000,0.00002139,0.14560000
2022-01-27,35745.70000000,2364.87000000,1.01500000,86.75000000,0.00002018,0.13990000
2022-01-28,37351.83000000,2446.92000000,1.04800000,92.42000000,0.00002112,0.14100000
2022-01-29,37737.73000000,2541.48000000,1.04900000,92.11000000,0.00002133,0.14210000
2022-01-30,37917.13000000,2570.48000000,1.06000000,94.45000000,0.00002168,0.14140000
2022-01-31,37025.68000000,2512.07000000,1.02200000,90.72000000,0.00002055,0.13790000
2022-02-01,38596.82000000,2751.62000000,1.05600000,106.92000000,0.00002173,0.14360000
2022-02-02,38552.87000000,2781.05000000,1.09000000,110.63000000,0.00002175,0.14280000
2022-02-03,36820.83000000,2657.65000000,1.02900000,97.40000000,0.00002046,0.13760000
2022-02-04,37297.62000000,2682.99000000,1.05300000,102.39000000,0.00002059,0.13800000
2022-02-05,41447.85000000,2997.74000000,1.14300000,114.01000000,0.00002281,0.14780000
2022-02-06,41444.04000000,3008.60000000,1.12800000,114.40000000,0.00002280,0.14800000
2022-02-07,42818.99000000,3068.82000000,1.16000000,119.20000000,0.00002880,0.15940000
2022-02-08,44178.57000000,3146.45000000,1.24100000,117.47000000,0.00003413,0.16510000
2022-02-09,43343.28000000,3076.52000000,1.15300000,111.23000000,0.00003114,0.15590000
2022-02-10,43775.42000000,3179.60000000,1.17600000,111.01000000,0.00003250,0.15760000
2022-02-11,43343.71000000,3081.08000000,1.14200000,104.67000000,0.00003059,0.15210000
2022-02-12,42288.46000000,2934.20000000,1.08300000,96.92000000,0.00002889,0.14500000
2022-02-13,42230.00000000,2918.72000000,1.05600000,95.95000000,0.00002877,0.14420000
2022-02-14,41916.43000000,2865.64000000,1.03300000,93.55000000,0.00002931,0.14510000
2022-02-15,43567.76000000,3025.12000000,1.07800000,101.32000000,0.00003053,0.14850000
2022-02-16,43971.26000000,3141.00000000,1.09800000,102.80000000,0.00003067,0.15000000
2022-02-17,43583.05000000,3083.85000000,1.07900000,99.19000000,0.00003067,0.14790000
2022-02-18,40691.98000000,2907.36000000,1.03000000,94.38000000,0.00002915,0.14090000
2022-02-19,40125.12000000,2805.38000000,1.00200000,91.21000000,0.00002835,0.14110000
2022-02-20,39794.59000000,2713.12000000,0.97200000,88.41000000,0.00002639,0.13860000
2022-02-21,38919.25000000,2710.89000000,0.95700000,93.83000000,0.00002669,0.13890000
2022-02-22,36591.06000000,2519.26000000,0.83300000,81.64000000,0.00002338,0.12560000
2022-02-23,37750.67000000,2625.07000000,0.89500000,87.24000000,0.00002475,0.13050000
2022-02-24,34936.89000000,2397.41000000,0.80000000,77.52000000,0.00002276,0.11590000
2022-02-25,38923.36000000,2636.92000000,0.85800000,89.65000000,0.00002428,0.12370000
2022-02-26,39390.33000000,2793.59000000,0.91600000,92.79000000,0.00002510,0.12890000
2022-02-27,38606.81000000,2715.97000000,0.86300000,87.01000000,0.00002383,0.12490000
2022-02-28,37793.80000000,2608.05000000,0.87800000,86.68000000,0.00002345,0.12310000
2022-03-01,43147.71000000,2911.83000000,0.96700000,97.31000000,0.00002571,0.13250000
2022-03-02,44324.65000000,3016.64000000,0.96800000,104.24000000,0.00002686,0.13490000
2022-03-03,43305.77000000,2895.01000000,0.92000000,98.39000000,0.00002568,0.13190000
2022-03-04,41449.94000000,2725.33000000,0.87500000,91.56000000,0.00002468,0.12600000
2022-03-05,39050.62000000,2625.44000000,0.83800000,87.71000000,0.00002398,0.12270000
2022-03-06,39300.54000000,2639.26000000,0.85500000,87.69000000,0.00002415,0.12370000
2022-03-07,37869.45000000,2525.51000000,0.81100000,82.26000000,0.00002310,0.11890000
2022-03-08,38695.87000000,2549.27000000,0.81200000,83.48000000,0.00002329,0.11890000
2022-03-09,41217.73000000,2698.56000000,0.83400000,88.13000000,0.00002384,0.12110000
2022-03-10,40768.51000000,2658.38000000,0.82400000,85.31000000,0.00002322,0.11880000
2022-03-11,38714.97000000,2551.95000000,0.79300000,81.92000000,0.00002224,0.11590000
2022-03-12,39088.94000000,2583.86000000,0.79300000,81.80000000,0.00002235,0.11630000
2022-03-13,39194.08000000,2591.92000000,0.79900000,82.56000000,0.00002237,0.11590000
2022-03-14,38144.05000000,2534.07000000,0.79000000,79.50000000,0.00002168,0.11130000
2022-03-15,38768.41000000,2544.17000000,0.79200000,79.66000000,0.00002166,0.11250000
2022-03-16,39160.00000000,2620.40000000,0.80100000,82.38000000,0.00002174,0.11280000
2022-03-17,41014.71000000,2766.51000000,0.84700000,87.99000000,0.00002253,0.11690000
2022-03-18,40522.19000000,2777.15000000,0.82700000,85.91000000,0.00002182,0.11510000
2022-03-19,41793.66000000,2947.85000000,0.86600000,90.25000000,0.00002231,0.11870000
2022-03-20,41942.34000000,2933.39000000,0.89800000,90.78000000,0.00002372,0.12230000
2022-03-21,40832.93000000,2843.77000000,0.87500000,87.70000000,0.00002266,0.11940000
2022-03-22,42236.46000000,3006.83000000,0.92900000,90.99000000,0.00002342,0.12170000
2022-03-23,42073.94000000,2947.00000000,0.96700000,90.11000000,0.00002325,0.12170000
2022-03-24,42712.87000000,3016.63000000,1.08700000,94.66000000,0.00002456,0.13650000
2022-03-25,43968.16000000,3135.78000000,1.14600000,103.51000000,0.00002455,0.13550000
2022-03-26,44394.03000000,3108.44000000,1.10800000,98.92000000,0.00002417,0.13120000
2022-03-27,44713.01000000,3143.76000000,1.14100000,101.82000000,0.00002479,0.14110000
2022-03-28,47049.40000000,3311.94000000,1.18100000,106.84000000,0.00002665,0.14880000
2022-03-29,47335.06000000,3369.98000000,1.19700000,109.17000000,0.00002678,0.14460000
2022-03-30,47435.46000000,3384.11000000,1.18800000,110.75000000,0.00002716,0.14250000
2022-03-31,47095.56000000,3397.49000000,1.19800000,121.25000000,0.00002773,0.14460000
2022-04-01,44599.98000000,3250.29000000,1.12300000,121.95000000,0.00002521,0.13500000
2022-04-02,46599.93000000,3474.98000000,1.17900000,134.78000000,0.00002656,0.14280000
2022-04-03,45943.25000000,3456.26000000,1.15900000,135.45000000,0.00002605,0.13920000
2022-04-04,46005.44000000,3490.09000000,1.17900000,135.31000000,0.00002662,0.14460000
2022-04-05,46645.82000000,3523.92000000,1.21200000,133.36000000,0.00002666,0.15030000
2022-04-06,45215.88000000,3342.85000000,1.13900000,123.69000000,0.00002594,0.16010000
2022-04-07,43294.04000000,3185.57000000,1.06000000,113.78000000,0.00002442,0.14270000
2022-04-08,43605.96000000,3267.66000000,1.09100000,122.08000000,0.00002508,0.15010000
2022-04-09,42380.00000000,3209.88000000,1.02900000,109.43000000,0.00002385,0.14220000
2022-04-10,42785.72000000,3257.32000000,1.05300000,113.40000000,0.00002480,0.14980000
2022-04-11,42111.22000000,3175.31000000,1.01200000,109.96000000,0.00002434,0.14630000
2022-04-12,39747.13000000,2983.04000000,0.92500000,99.72000000,0.00002221,0.13590000
2022-04-13,40076.05000000,3049.09000000,0.95400000,103.68000000,0.00002668,0.14050000
2022-04-14,41320.00000000,3117.90000000,0.97400000,105.62000000,0.00002652,0.14120000
2022-04-15,40200.94000000,3042.00000000,0.95200000,102.07000000,0.00002604,0.14400000
2022-04-16,40434.12000000,3038.29000000,0.95500000,101.07000000,0.00002583,0.14680000
2022-04-17,40230.86000000,3029.38000000,0.94200000,101.51000000,0.00002553,0.14280000
2022-04-18,39813.17000000,2995.18000000,0.92300000,101.18000000,0.00002498,0.14000000
2022-04-19,40693.79000000,3037.58000000,0.93000000,101.42000000,0.00002498,0.13960000
2022-04-20,41386.14000000,3091.62000000,0.94400000,108.29000000,0.00002529,0.14310000
2022-04-21,41693.58000000,3096.80000000,0.94900000,107.06000000,0.00002505,0.14090000
2022-04-22,40502.11000000,2995.41000000,0.91500000,102.55000000,0.00002448,0.13660000
2022-04-23,39463.02000000,2946.32000000,0.89300000,99.86000000,0.00002409,0.13480000
2022-04-24,39776.57000000,2955.92000000,0.89400000,101.30000000,0.00002427,0.13420000
2022-04-25,39253.71000000,2875.59000000,0.87200000,98.05000000,0.00002350,0.12870000
2022-04-26,40535.29000000,3001.00000000,0.88820000,101.00000000,0.00002430,0.15370000
2022-04-27,38343.18000000,2836.28000000,0.82940000,96.80000000,0.00002325,0.14010000
2022-04-28,39342.07000000,2883.85000000,0.83880000,99.14000000,0.00002318,0.13930000
2022-04-29,39533.01000000,2926.21000000,0.83520000,97.23000000,0.00002297,0.14160000
2022-04-30,38656.37000000,2818.26000000,0.80780000,94.09000000,0.00002229,0.13580000
2022-05-01,38041.44000000,2777.15000000,0.76400000,88.03000000,0.00002051,0.13010000
2022-05-02,38674.10000000,2840.72000000,0.78380000,89.34000000,0.00002137,0.13210000
2022-05-03,38521.64000000,2851.00000000,0.78890000,88.65000000,0.00002085,0.13140000
2022-05-04,38013.62000000,2798.04000000,0.78070000,86.14000000,0.00002076,0.12960000
2022-05-05,39729.41000000,2941.60000000,0.88510000,94.32000000,0.00002170,0.13700000
2022-05-06,36461.82000000,2746.39000000,0.79210000,82.84000000,0.00002018,0.12830000
2022-05-07,35812.21000000,2669.42000000,0.77240000,80.50000000,0.00001978,0.12790000
2022-05-08,34480.24000000,2545.08000000,0.74060000,76.94000000,0.00001886,0.12640000
2022-05-09,33563.15000000,2457.56000000,0.70630000,75.24000000,0.00001792,0.12200000
2022-05-10,30642.55000000,2300.79000000,0.61950000,64.46000000,0.00001494,0.10750000
2022-05-11,31205.96000000,2360.53000000,0.62790000,66.20000000,0.00001606,0.10910000
2022-05-12,28406.15000000,1971.56000000,0.44160000,45.18000000,0.00001108,0.07890000
2022-05-13,30582.54000000,2096.46000000,0.54690000,50.43000000,0.00001304,0.09330000
2022-05-14,29569.89000000,2054.40000000,0.54510000,51.73000000,0.00001284,0.08980000
2022-05-15,29721.65000000,2014.20000000,0.52020000,50.20000000,0.00001211,0.08740000
2022-05-16,30323.23000000,2076.19000000,0.57850000,56.09000000,0.00001262,0.09020000
2022-05-17,30363.59000000,2073.49000000,0.56870000,55.77000000,0.00001244,0.08990000
2022-05-18,29831.40000000,2039.00000000,0.55910000,55.09000000,0.00001228,0.08870000
2022-05-19,29196.78000000,1953.70000000,0.51770000,50.63000000,0.00001163,0.08450000
2022-05-20,30175.03000000,2023.03000000,0.53050000,51.50000000,0.00001181,0.08650000
2022-05-21,29258.18000000,1967.75000000,0.52270000,50.13000000,0.00001159,0.08440000
2022-05-22,29363.50000000,1974.14000000,0.52700000,50.14000000,0.00001174,0.08460000
2022-05-23,30171.32000000,2030.84000000,0.54200000,52.22000000,0.00001190,0.08560000
2022-05-24,29299.92000000,1987.90000000,0.52190000,49.89000000,0.00001187,0.08420000
2022-05-25,30198.09000000,2014.20000000,0.52870000,50.32000000,0.00001186,0.08400000
2022-05-26,29837.16000000,1948.46000000,0.51470000,48.18000000,0.00001165,0.08310000
2022-05-27,29020.01000000,1768.00000000,0.47010000,42.65000000,0.00001056,0.07840000
2022-05-28,28819.20000000,1765.08000000,0.45640000,41.32000000,0.00001064,0.08200000
2022-05-29,28984.32000000,1776.46000000,0.46010000,42.36000000,0.00001068,0.08060000
2022-05-30,30353.07000000,1880.07000000,0.51320000,45.95000000,0.00001174,0.08440000
2022-05-31,31772.82000000,1994.51000000,0.58440000,47.70000000,0.00001210,0.08760000
2022-06-01,31627.30000000,1929.97000000,0.60150000,44.78000000,0.00001159,0.08552000
2022-06-02,29730.12000000,1814.54000000,0.56300000,38.85000000,0.00001076,0.08066000
2022-06-03,30529.96000000,1827.52000000,0.59110000,41.15000000,0.00001117,0.08277000
2022-06-04,29560.12000000,1752.96000000,0.55140000,36.30000000,0.00001065,0.07988000
2022-06-05,29766.95000000,1793.85000000,0.56520000,38.30000000,0.00001081,0.08102000
2022-06-06,31251.00000000,1878.29000000,0.61820000,41.77000000,0.00001106,0.08308000
2022-06-07,29563.62000000,1756.75000000,0.58980000,39.55000000,0.00001057,0.07934000
2022-06-08,30026.72000000,1779.50000000,0.63060000,38.65000000,0.00001063,0.07956000
2022-06-09,30293.49000000,1799.31000000,0.64450000,39.12000000,0.00001064,0.07989000
2022-06-10,30114.38000000,1792.49000000,0.62940000,40.27000000,0.00001058,0.07941000
2022-06-11,29272.43000000,1669.63000000,0.58510000,37.54000000,0.00001022,0.07582000
2022-06-12,27553.23000000,1466.97000000,0.51820000,32.31000000,0.00000884,0.06604000
2022-06-13,25520.05000000,1350.83000000,0.47640000,28.85000000,0.00000831,0.05989000
2022-06-14,22127.91000000,1174.10000000,0.47810000,28.94000000,0.00000823,0.05541000
2022-06-15,21455.80000000,1173.09000000,0.46580000,28.80000000,0.00000807,0.05363000
2022-06-16,22211.62000000,1210.10000000,0.51830000,33.79000000,0.00000857,0.06021000
2022-06-17,20383.38000000,1071.51000000,0.48270000,30.03000000,0.00000808,0.05586000
2022-06-18,20459.65000000,1079.47000000,0.48510000,30.08000000,0.00000815,0.05645000
2022-06-19,18311.09000000,953.20000000,0.44110000,30.19000000,0.00000749,0.05198000
2022-06-20,19980.49000000,1080.01000000,0.46860000,32.27000000,0.00000802,0.05837000
2022-06-21,20614.04000000,1130.89000000,0.49360000,35.22000000,0.00000818,0.06040000
2022-06-22,20317.88000000,1089.30000000,0.46460000,34.70000000,0.00000969,0.06279000
2022-06-23,20213.79000000,1076.40000000,0.46690000,35.13000000,0.00000994,0.06279000
2022-06-24,21073.73000000,1150.39000000,0.49150000,38.93000000,0.00001026,0.06530000
2022-06-25,21300.62000000,1223.76000000,0.50070000,41.41000000,0.00001148,0.06773000
2022-06-26,21426.23000000,1233.28000000,0.49930000,41.41000000,0.00001162,0.06793000
2022-06-27,21171.32000000,1219.91000000,0.49950000,40.15000000,0.00001159,0.07501000
2022-06-28,20735.03000000,1181.94000000,0.48250000,37.74000000,0.00001086,0.07025000
2022-06-29,20282.96000000,1144.89000000,0.47120000,35.46000000,0.00001004,0.06665000
2022-06-30,20077.01000000,1093.93000000,0.46260000,33.01000000,0.00001033,0.06858000
2022-07-01,19730.76000000,1054.52000000,0.45500000,33.66000000,0.00001007,0.06602000
2022-07-02,19130.90000000,1038.00000000,0.44560000,32.16000000,0.00000994,0.06652000
2022-07-03,19264.29000000,1062.45000000,0.45280000,33.07000000,0.00001005,0.06630000
2022-07-04,19103.54000000,1051.72000000,0.44590000,32.64000000,0.00000998,0.06659000
2022-07-05,20312.98000000,1153.13000000,0.46680000,35.85000000,0.00001072,0.06951000
2022-07-06,19951.47000000,1130.88000000,0.45440000,35.56000000,0.00001032,0.06707000
2022-07-07,20480.61000000,1176.17000000,0.46380000,37.09000000,0.00001054,0.06868000
2022-07-08,22130.56000000,1259.10000000,0.48330000,38.64000000,0.00001141,0.07213000
2022-07-09,21612.62000000,1217.01000000,0.47260000,38.33000000,0.00001114,0.06933000
2022-07-10,21294.98000000,1188.12000000,0.47050000,37.38000000,0.00001129,0.06810000
2022-07-11,20540.69000000,1154.58000000,0.45320000,35.81000000,0.00001113,0.06609000
2022-07-12,19942.33000000,1086.15000000,0.43770000,33.63000000,0.00001038,0.06210000
2022-07-13,19473.68000000,1052.34000000,0.42010000,33.05000000,0.00001004,0.06037000
2022-07-14,20224.24000000,1112.71000000,0.43460000,34.58000000,0.00001046,0.06148000
2022-07-15,20611.83000000,1199.92000000,0.44250000,37.36000000,0.00001063,0.06252000
2022-07-16,20738.00000000,1222.16000000,0.43810000,37.21000000,0.00001077,0.06257000
2022-07-17,21324.18000000,1353.60000000,0.45440000,39.89000000,0.00001098,0.06438000
2022-07-18,21280.02000000,1406.51000000,0.45870000,40.56000000,0.00001108,0.06477000
2022-07-19,21903.55000000,1516.24000000,0.47670000,42.99000000,0.00001161,0.06617000
2022-07-20,23436.85000000,1561.72000000,0.52590000,45.45000000,0.00001235,0.06963000
2022-07-21,22777.20000000,1487.96000000,0.47960000,40.02000000,0.00001159,0.06824000
2022-07-22,22909.90000000,1561.45000000,0.49280000,42.66000000,0.00001213,0.06950000
2022-07-23,22808.55000000,1571.00000000,0.48810000,41.08000000,0.00001187,0.06814000
2022-07-24,22331.86000000,1551.51000000,0.51080000,39.61000000,0.00001156,0.06773000
2022-07-25,21867.75000000,1511.51000000,0.49310000,38.09000000,0.00001120,0.06459000
2022-07-26,21141.53000000,1433.05000000,0.46970000,36.21000000,0.00001051,0.06169000
2022-07-27,21076.86000000,1424.76000000,0.45990000,35.78000000,0.00001058,0.06183000
2022-07-28,23133.45000000,1648.64000000,0.50860000,39.73000000,0.00001143,0.06668000
2022-07-29,23912.85000000,1727.02000000,0.52970000,43.48000000,0.00001210,0.07161000
2022-07-30,23801.35000000,1707.14000000,0.51910000,41.87000000,0.00001175,0.06877000
2022-07-31,23737.40000000,1693.74000000,0.52790000,43.23000000,0.00001201,0.07041000
2022-08-01,23375.62000000,1691.77000000,0.52130000,43.01000000,0.00001237,0.07004000
2022-08-02,22853.11000000,1577.35000000,0.49110000,40.24000000,0.00001159,0.06595000
2022-08-03,22862.72000000,1619.95000000,0.50120000,38.54000000,0.00001177,0.06652000
2022-08-04,23095.74000000,1651.14000000,0.50820000,39.36000000,0.00001188,0.06704000
2022-08-05,23175.32000000,1659.65000000,0.50990000,40.10000000,0.00001206,0.06838000
2022-08-06,23173.65000000,1734.47000000,0.51590000,40.51000000,0.00001223,0.07001000
2022-08-07,22990.10000000,1684.07000000,0.51170000,39.76000000,0.00001196,0.06835000
2022-08-08,23306.63000000,1709.77000000,0.53280000,41.93000000,0.00001240,0.06985000
2022-08-09,23828.96000000,1778.53000000,0.53360000,42.44000000,0.00001236,0.07072000
2022-08-10,22863.75000000,1669.49000000,0.50690000,39.28000000,0.00001191,0.06785000
2022-08-11,24324.38000000,1880.37000000,0.54400000,43.82000000,0.00001247,0.07187000
2022-08-12,24010.11000000,1903.98000000,0.53180000,43.40000000,0.00001244,0.07138000
2022-08-13,24796.53000000,1996.57000000,0.54350000,47.42000000,0.00001263,0.07306000
2022-08-14,24570.02000000,1985.82000000,0.59050000,46.74000000,0.00001290,0.07406000
2022-08-15,24867.39000000,1986.33000000,0.57510000,46.46000000,0.00001633,0.08036000
2022-08-16,24083.42000000,1887.71000000,0.55550000,43.66000000,0.00001591,0.07939000
2022-08-17,24006.66000000,1896.00000000,0.57760000,44.00000000,0.00001604,0.08499000
2022-08-18,23433.31000000,1848.65000000,0.53710000,40.82000000,0.00001492,0.08087000
2022-08-19,22769.05000000,1818.02000000,0.49290000,38.31000000,0.00001318,0.07385000
2022-08-20,21140.34000000,1627.65000000,0.45890000,36.60000000,0.00001348,0.06952000
2022-08-21,21208.72000000,1585.57000000,0.44980000,35.11000000,0.00001299,0.06850000
2022-08-22,21414.86000000,1594.95000000,0.45850000,36.12000000,0.00001334,0.06833000
2022-08-23,21239.18000000,1609.26000000,0.45660000,35.22000000,0.00001313,0.06854000
2022-08-24,21264.01000000,1614.44000000,0.45510000,34.61000000,0.00001309,0.06720000
2022-08-25,21468.93000000,1669.73000000,0.45910000,35.23000000,0.00001310,0.06833000
2022-08-26,21552.17000000,1687.15000000,0.46750000,35.10000000,0.00001389,0.06903000
2022-08-27,20203.18000000,1501.86000000,0.43500000,31.88000000,0.00001252,0.06380000
2022-08-28,19990.58000000,1491.48000000,0.44620000,31.41000000,0.00001217,0.06326000
2022-08-29,19868.14000000,1456.88000000,0.43340000,30.69000000,0.00001203,0.06187000
2022-08-30,20273.36000000,1544.20000000,0.44910000,32.32000000,0.00001248,0.06354000
2022-08-31,20402.87000000,1606.54000000,0.46120000,32.45000000,0.00001249,0.06323000
2022-09-01,20022.97000000,1549.91000000,0.44550000,31.24000000,0.00001211,0.06065000
2022-09-02,20157.01000000,1595.82000000,0.45820000,31.57000000,0.00001233,0.06252000
2022-09-03,19899.69000000,1561.54000000,0.45870000,30.95000000,0.00001216,0.06135000
2022-09-04,19772.79000000,1552.16000000,0.49400000,31.43000000,0.00001232,0.06256000
2022-09-05,19884.91000000,1575.48000000,0.49810000,32.10000000,0.00001273,0.06315000
2022-09-06,19790.01000000,1640.38000000,0.49850000,32.73000000,0.00001265,0.06335000
2022-09-07,18745.85000000,1510.37000000,0.46010000,30.88000000,0.00001199,0.05843000
2022-09-08,19218.40000000,1629.79000000,0.47640000,32.45000000,0.00001230,0.06095000
2022-09-09,19950.73000000,1672.96000000,0.48870000,34.74000000,0.00001244,0.06225000
2022-09-10,21303.07000000,1733.50000000,0.51710000,34.69000000,0.00001298,0.06374000
2022-09-11,21542.42000000,1760.87000000,0.51230000,34.76000000,0.00001302,0.06428000
2022-09-12,21656.87000000,1726.80000000,0.50270000,34.91000000,0.00001284,0.06291000
2022-09-13,22231.58000000,1716.12000000,0.49820000,38.79000000,0.00001288,0.06357000
2022-09-14,20323.04000000,1602.92000000,0.47260000,33.60000000,0.00001224,0.06054000
2022-09-15,20023.59000000,1605.53000000,0.47040000,33.06000000,0.00001186,0.06025000
2022-09-16,19744.77000000,1473.56000000,0.46860000,32.86000000,0.00001170,0.05948000
2022-09-17,19884.93000000,1440.57000000,0.47710000,32.67000000,0.00001172,0.06051000
2022-09-18,20000.33000000,1451.81000000,0.48300000,33.42000000,0.00001186,0.06140000
2022-09-19,18776.93000000,1294.55000000,0.43740000,30.90000000,0.00001070,0.05677000
2022-09-20,19364.19000000,1355.00000000,0.44760000,32.44000000,0.00001092,0.05859000
2022-09-21,19021.17000000,1337.21000000,0.45540000,31.84000000,0.00001063,0.05922000
2022-09-22,18690.39000000,1262.91000000,0.44380000,31.02000000,0.00001050,0.05747000
2022-09-23,19394.62000000,1340.77000000,0.47750000,33.00000000,0.00001105,0.06148000
2022-09-24,19121.92000000,1321.65000000,0.46140000,33.98000000,0.00001133,0.06594000
2022-09-25,19053.67000000,1329.38000000,0.45690000,33.69000000,0.00001155,0.06338000
2022-09-26,18868.39000000,1303.23000000,0.44360000,32.52000000,0.00001103,0.06139000
2022-09-27,20099.04000000,1385.66000000,0.45820000,34.73000000,0.00001135,0.06255000
2022-09-28,18745.65000000,1287.23000000,0.43040000,32.34000000,0.00001093,0.05938000
2022-09-29,19507.50000000,1342.00000000,0.43650000,33.74000000,0.00001117,0.06074000
2022-09-30,19398.12000000,1327.49000000,0.43630000,34.10000000,0.00001113,0.06039000
2022-10-01,19416.05000000,1329.61000000,0.43440000,33.08000000,0.00001132,0.06163000
2022-10-02,19310.83000000,1309.55000000,0.43110000,32.84000000,0.00001115,0.06076000
2022-10-03,19168.29000000,1291.80000000,0.42230000,32.32000000,0.00001110,0.05945000
2022-10-04,19598.27000000,1329.00000000,0.42780000,33.10000000,0.00001116,0.06028000
2022-10-05,20189.83000000,1353.95000000,0.43170000,34.08000000,0.00001152,0.06496000
2022-10-06,20355.69000000,1372.56000000,0.43500000,34.32000000,0.00001158,0.06605000
2022-10-07,19981.88000000,1355.19000000,0.42810000,33.62000000,0.00001121,0.06347000
2022-10-08,19504.78000000,1331.05000000,0.42490000,32.83000000,0.00001112,0.06247000
2022-10-09,19366.58000000,1310.69000000,0.42030000,32.51000000,0.00001098,0.06147000
2022-10-10,19452.99000000,1323.18000000,0.42380000,33.04000000,0.00001102,0.06224000
2022-10-11,19044.74000000,1278.37000000,0.39550000,31.36000000,0.00001013,0.05900000
2022-10-12,19048.73000000,1283.71000000,0.39100000,30.94000000,0.00001024,0.06047000
2022-10-13,19089.16000000,1286.47000000,0.37480000,30.76000000,0.00001006,0.05893000
2022-10-14,19816.85000000,1329.76000000,0.38700000,31.65000000,0.00001057,0.06048000
2022-10-15,19200.99000000,1300.26000000,0.36870000,30.11000000,0.00001027,0.05896000
2022-10-16,19123.43000000,1283.63000000,0.36560000,29.79000000,0.00001029,0.05893000
2022-10-17,19186.38000000,1301.59000000,0.36690000,30.01000000,0.00001022,0.05877000
2022-10-18,19547.90000000,1333.31000000,0.37070000,31.11000000,0.00001040,0.05994000
2022-10-19,19281.63000000,1305.16000000,0.35960000,30.03000000,0.00001010,0.05986000
2022-10-20,19042.09000000,1279.98000000,0.35210000,28.91000000,0.00000988,0.05919000
2022-10-21,19051.77000000,1287.54000000,0.34000000,28.13000000,0.00000993,0.05891000
2022-10-22,19151.22000000,1298.81000000,0.34690000,27.82000000,0.00000997,0.05942000
2022-10-23,19197.59000000,1313.22000000,0.35350000,28.36000000,0.00001004,0.05963000
2022-10-24,19391.97000000,1348.08000000,0.35610000,28.62000000,0.00001001,0.05980000
2022-10-25,19342.02000000,1347.62000000,0.36180000,28.47000000,0.00001000,0.06043000
2022-10-26,20251.17000000,1487.03000000,0.39910000,31.11000000,0.00001042,0.06579000
2022-10-27,20755.33000000,1555.07000000,0.40690000,31.44000000,0.00001121,0.07626000
2022-10-28,20292.81000000,1507.76000000,0.38570000,30.68000000,0.00001052,0.07405000
2022-10-29,20754.27000000,1589.52000000,0.40800000,32.89000000,0.00001175,0.08621000
2022-10-30,20775.50000000,1622.18000000,0.41860000,33.00000000,0.00001308,0.12822000
2022-10-31,20516.07000000,1582.74000000,0.40340000,32.82000000,0.00001213,0.12192000
2022-11-01,20482.57000000,1586.81000000,0.40620000,32.61000000,0.00001241,0.12746000
2022-11-02,20520.34000000,1590.74000000,0.39950000,32.26000000,0.00001268,0.14144000
2022-11-03,20310.63000000,1547.35000000,0.39410000,31.64000000,0.00001223,0.13388000
2022-11-04,20321.79000000,1548.92000000,0.40660000,31.94000000,0.00001186,0.11952000
2022-11-05,21444.61000000,1646.75000000,0.42890000,34.70000000,0.00001254,0.12489000
2022-11-06,21233.88000000,1621.24000000,0.42620000,36.01000000,0.00001246,0.12497000
2022-11-07,20913.82000000,1587.50000000,0.40720000,32.44000000,0.00001203,0.11831000
2022-11-08,20148.66000000,1507.07000000,0.38800000,26.50000000,0.00001105,0.10231000
2022-11-09,18313.68000000,1312.39000000,0.36400000,22.10000000,0.00001009,0.08515000
2022-11-10,16369.59000000,1174.16000000,0.34270000,15.28000000,0.00000957,0.07972000
2022-11-11,17064.12000000,1239.11000000,0.35850000,16.39000000,0.00000998,0.08438000
2022-11-12,16907.44000000,1259.34000000,0.34670000,15.81000000,0.00000967,0.08223000
2022-11-13,16914.60000000,1272.15000000,0.34430000,14.55000000,0.00000972,0.09085000
2022-11-14,16139.79000000,1193.03000000,0.32180000,13.00000000,0.00000881,0.08199000
2022-11-15,16823.06000000,1256.54000000,0.33340000,14.20000000,0.00000918,0.08673000
2022-11-16,16969.99000000,1264.86000000,0.34390000,14.51000000,0.00000938,0.08804000
2022-11-17,16526.18000000,1204.05000000,0.32860000,14.25000000,0.00000915,0.08536000
2022-11-18,16854.98000000,1219.79000000,0.32870000,13.72000000,0.00000923,0.08580000
2022-11-19,16628.70000000,1208.54000000,0.32570000,12.88000000,0.00000911,0.08437000
2022-11-20,16679.99000000,1218.99000000,0.32870000,12.92000000,0.00000916,0.08498000
2022-11-21,16073.75000000,1125.12000000,0.30530000,11.75000000,0.00000863,0.07543000
2022-11-22,15847.82000000,1104.41000000,0.30670000,11.61000000,0.00000848,0.07604000
2022-11-23,16586.55000000,1170.80000000,0.31690000,13.08000000,0.00000905,0.08187000
2022-11-24,16712.07000000,1201.92000000,0.32010000,14.61000000,0.00000909,0.08286000
2022-11-25,16485.45000000,1186.16000000,0.30950000,14.20000000,0.00000893,0.08210000
2022-11-26,16625.79000000,1215.71000000,0.31870000,14.37000000,0.00000930,0.09257000
2022-11-27,16527.22000000,1216.51000000,0.31520000,14.27000000,0.00000914,0.08928000
2022-11-28,16178.22000000,1172.54000000,0.30470000,13.10000000,0.00000897,0.09516000
2022-11-29,16287.66000000,1184.67000000,0.30800000,13.47000000,0.00000914,0.10128000
2022-11-30,16845.25000000,1265.09000000,0.31270000,13.50000000,0.00000920,0.10605000
2022-12-01,17150.98000000,1288.02000000,0.31730000,13.92000000,0.00000929,0.10455000
2022-12-02,16902.03000000,1271.69000000,0.31270000,13.44000000,0.00000920,0.09853000
2022-12-03,17020.89000000,1285.85000000,0.31940000,13.63000000,0.00000936,0.10102000
2022-12-04,16959.64000000,1257.04000000,0.32200000,13.42000000,0.00000929,0.10168000
2022-12-05,17196.88000000,1290.85000000,0.32380000,13.91000000,0.00000937,0.10391000
2022-12-06,17003.88000000,1261.82000000,0.31970000,14.16000000,0.00000938,0.10210000
2022-12-07,17025.03000000,1262.27000000,0.31720000,14.05000000,0.00000932,0.09970000
2022-12-08,16834.32000000,1231.86000000,0.30940000,13.45000000,0.00000917,0.09669000
2022-12-09,17202.66000000,1283.98000000,0.31420000,13.75000000,0.00000928,0.09811000
2022-12-10,17145.08000000,1265.20000000,0.31170000,13.62000000,0.00000924,0.09665000
2022-12-11,17153.61000000,1272.68000000,0.31380000,13.64000000,0.00000921,0.09689000
2022-12-12,16918.97000000,1243.83000000,0.30300000,12.96000000,0.00000878,0.08748000
2022-12-13,17152.37000000,1269.65000000,0.30400000,13.09000000,0.00000885,0.08954000
2022-12-14,17781.68000000,1319.79000000,0.31300000,13.96000000,0.00000921,0.09160000
2022-12-15,17729.56000000,1292.04000000,0.30450000,14.38000000,0.00000891,0.08750000
2022-12-16,17425.76000000,1271.79000000,0.30030000,14.04000000,0.00000897,0.08651000
2022-12-17,16676.85000000,1175.30000000,0.26030000,12.26000000,0.00000817,0.07688000
2022-12-18,16741.02000000,1187.54000000,0.26860000,12.49000000,0.00000864,0.07926000
2022-12-19,16681.47000000,1179.27000000,0.26470000,12.23000000,0.00000851,0.07737000
2022-12-20,16727.24000000,1192.57000000,0.25500000,12.19000000,0.00000834,0.07387000
2022-12-21,16837.10000000,1210.53000000,0.25420000,12.08000000,0.00000832,0.07302000
2022-12-22,16852.80000000,1214.81000000,0.25340000,12.12000000,0.00000831,0.07377000
2022-12-23,16828.23000000,1223.99000000,0.26160000,12.02000000,0.00000837,0.07788000
2022-12-24,16840.65000000,1218.83000000,0.26000000,11.78000000,0.00000830,0.07737000
2022-12-25,16832.14000000,1221.37000000,0.25910000,11.47000000,0.00000835,0.07717000
2022-12-26,16894.19000000,1220.91000000,0.26140000,11.43000000,0.00000834,0.07629000
2022-12-27,16876.51000000,1223.69000000,0.26380000,11.28000000,0.00000830,0.07517000
2022-12-28,16650.65000000,1197.72000000,0.25570000,10.78000000,0.00000810,0.07180000
2022-12-29,16558.33000000,1194.95000000,0.24590000,9.76000000,0.00000793,0.07069000
2022-12-30,16599.08000000,1197.59000000,0.24410000,9.52000000,0.00000812,0.07046000
2022-12-31,16552.46000000,1194.42000000,0.24490000,9.74000000,0.00000808,0.06831000
2023-01-01,16533.04000000,1194.04000000,0.24540000,9.97000000,0.00000807,0.06984000
2023-01-02,16661.94000000,1201.94000000,0.24970000,9.99000000,0.00000810,0.07000000
2023-01-03,16691.81000000,1215.59000000,0.25320000,11.22000000,0.00000818,0.07164000
2023-01-04,16862.02000000,1250.74000000,0.26470000,13.57000000,0.00000830,0.07284000
2023-01-05,16827.71000000,1252.77000000,0.26520000,13.21000000,0.00000843,0.07292000
2023-01-06,16833.56000000,1251.02000000,0.27350000,13.19000000,0.00000842,0.07137000
2023-01-07,16952.46000000,1266.54000000,0.27680000,13.32000000,0.00000854,0.07242000
2023-01-08,16944.02000000,1262.84000000,0.27580000,13.37000000,0.00000840,0.07186000
2023-01-09,17197.00000000,1310.37000000,0.32950000,16.05000000,0.00000887,0.07489000
2023-01-10,17205.72000000,1324.71000000,0.31380000,15.97000000,0.00000867,0.07579000
2023-01-11,17416.14000000,1331.07000000,0.31460000,16.01000000,0.00000891,0.07655000
2023-01-12,18224.68000000,1400.99000000,0.32740000,16.42000000,0.00000933,0.08000000
2023-01-13,18876.37000000,1415.01000000,0.32870000,16.70000000,0.00000948,0.08072000
2023-01-14,20967.23000000,1556.08000000,0.35770000,21.92000000,0.00001049,0.08777000
2023-01-15,20719.09000000,1525.40000000,0.34700000,23.06000000,0.00001011,0.08491000
2023-01-16,21075.68000000,1569.19000000,0.35690000,23.22000000,0.00001067,0.08654000
2023-01-17,21124.57000000,1563.59000000,0.34810000,23.19000000,0.00001051,0.08352000
2023-01-18,21258.54000000,1582.01000000,0.35010000,23.04000000,0.00001257,0.08698000
2023-01-19,20748.04000000,1524.82000000,0.32960000,21.35000000,0.00001121,0.08094000
2023-01-20,21087.74000000,1554.54000000,0.33950000,21.33000000,0.00001150,0.08138000
2023-01-21,22547.35000000,1648.80000000,0.35940000,24.83000000,0.00001207,0.08601000
2023-01-22,22758.30000000,1622.50000000,0.36460000,25.00000000,0.00001201,0.08522000
2023-01-23,22661.02000000,1630.41000000,0.37040000,24.53000000,0.00001201,0.08969000
2023-01-24,23079.27000000,1639.01000000,0.37870000,24.99000000,0.00001220,0.09071000
2023-01-25,22643.61000000,1546.63000000,0.35420000,22.93000000,0.00001121,0.08415000
2023-01-26,23136.16000000,1614.87000000,0.37910000,24.80000000,0.00001164,0.08637000
2023-01-27,22772.62000000,1565.73000000,0.37170000,23.73000000,0.00001145,0.08467000
2023-01-28,23117.44000000,1598.96000000,0.38870000,24.50000000,0.00001180,0.08773000
2023-01-29,23193.43000000,1594.36000000,0.38620000,24.13000000,0.00001195,0.08885000
2023-01-30,23701.44000000,1637.98000000,0.39220000,25.45000000,0.00001200,0.08929000
2023-01-31,22835.01000000,1568.87000000,0.37200000,24.01000000,0.00001170,0.09160000
2023-02-01,23130.19000000,1584.61000000,0.38810000,23.87000000,0.00001177,0.09306000
2023-02-02,23848.60000000,1671.13000000,0.40640000,25.28000000,0.00001205,0.09378000
2023-02-03,23534.18000000,1642.17000000,0.39990000,24.34000000,0.00001225,0.09146000
2023-02-04,23343.43000000,1654.36000000,0.40030000,24.46000000,0.00001413,0.09388000
2023-02-05,23344.53000000,1660.70000000,0.39700000,24.30000000,0.00001484,0.09489000
2023-02-06,22895.48000000,1626.60000000,0.39190000,23.37000000,0.00001439,0.09157000
2023-02-07,22877.99000000,1633.47000000,0.38630000,23.06000000,0.00001411,0.09082000
2023-02-08,23255.34000000,1680.97000000,0.39880000,23.89000000,0.00001432,0.09258000
2023-02-09,22518.44000000,1619.05000000,0.38210000,22.35000000,0.00001313,0.08658000
2023-02-10,21825.59000000,1543.22000000,0.36110000,20.79000000,0.00001239,0.08177000
2023-02-11,21678.56000000,1520.38000000,0.36170000,20.41000000,0.00001283,0.08211000
2023-02-12,21781.38000000,1531.15000000,0.36580000,20.67000000,0.00001278,0.08182000
2023-02-13,21808.60000000,1516.81000000,0.36210000,20.91000000,0.00001277,0.08174000
2023-02-14,21700.42000000,1498.23000000,0.35610000,20.83000000,0.00001233,0.08132000
2023-02-15,22099.49000000,1549.22000000,0.38590000,21.60000000,0.00001278,0.08509000
2023-02-16,24732.42000000,1691.42000000,0.41140000,23.81000000,0.00001382,0.08996000
2023-02-17,23838.64000000,1663.77000000,0.39660000,22.68000000,0.00001308,0.08631000
2023-02-18,24609.68000000,1699.46000000,0.40390000,23.34000000,0.00001331,0.08803000
2023-02-19,24681.69000000,1695.42000000,0.40230000,23.30000000,0.00001326,0.08869000
2023-02-20,24418.95000000,1684.38000000,0.40170000,26.16000000,0.00001342,0.08763000
2023-02-21,24926.56000000,1703.03000000,0.40170000,26.12000000,0.00001352,0.08801000
2023-02-22,24201.85000000,1649.25000000,0.38820000,24.44000000,0.00001292,0.08494000
2023-02-23,24454.85000000,1667.44000000,0.39170000,24.44000000,0.00001340,0.08582000
2023-02-24,23954.05000000,1649.14000000,0.38000000,23.78000000,0.00001305,0.08429000
2023-02-25,23077.64000000,1598.52000000,0.36380000,22.95000000,0.00001251,0.08123000
2023-02-26,23214.53000000,1602.75000000,0.36130000,22.65000000,0.00001251,0.08125000
2023-02-27,23551.62000000,1640.67000000,0.36650000,23.03000000,0.00001285,0.08205000
2023-02-28,23467.52000000,1632.89000000,0.36670000,22.61000000,0.00001252,0.08217000
2023-03-01,23441.14000000,1638.38000000,0.35780000,22.32000000,0.00001223,0.08194000
2023-03-02,23494.29000000,1647.94000000,0.35580000,22.04000000,0.00001199,0.08094000
